first_name,last_name,phone
James,Butt,+4902364529768
Josephine,+4903431639748
Art,Venere,+490203728595
Lenna,Paprocki,+4907905541581
Donette,Foller,+4906581940007
Simona,Morasca,+31089734088
Mitsue,Tollner,+310391792846
Leota,Dilliard,+3108294602996
Sage,Wieser,+310331652951
Kris,Marrier,+31030253969
Minna,Amigon,+4909926308148
Abel,Maclead,+49089505408
Kiley,Caldarera,+4909321953839
Graciela,Ruta,+4908331786538
Cammy,Albares,+49071181658
Mattie,Poquette,+4904403123740
Meaghan,Garufi,+4907628939545
Gladys,Rim,+4906239797886
Yuki,Whobrey,+490911396671
Fletcher,Flosi,+4904173872085
Bette,Nicka,+3107321442880
Veronika,Inouye,+4906364304241
Willard,Kolmetz,+310861435347
Maryann,Royster,+310364533218
Alisha,Slusarski,+4906349104241
Frank,Herrmann,+4906251773023
Phillipp,Fassbinder,+49089780104
Uta,Wolf,+4908708591281
Ralf,Fuhrmann,+4908137914769
Benjamin,Freeh,+49089780682